scenario,split,trajectory_count,window_count,quality_valid_count,quality_unknown_count,mean_points_per_window
normal_walk,train_normal,60,983,983,0,52.06
normal_walk,validation_normal,20,325,325,0,51.74
normal_walk,test_normal,20,330,330,0,51.98
slow_walk,train_normal,60,979,979,0,51.84
slow_walk,validation_normal,20,322,322,0,51.96
slow_walk,test_normal,20,321,321,0,51.93
walk_with_short_stop,train_normal,60,983,983,0,52.24
walk_with_short_stop,validation_normal,20,331,331,0,51.72
walk_with_short_stop,test_normal,20,333,333,0,52.29
park_walk,train_normal,60,995,995,0,51.71
park_walk,validation_normal,20,327,327,0,52.14
park_walk,test_normal,20,330,330,0,51.76
shopping_walk,train_normal,60,981,981,0,51.95
shopping_walk,validation_normal,20,327,327,0,51.91
shopping_walk,test_normal,20,327,327,0,51.74
long_stop,development_anomaly,50,818,818,0,51.94
long_stop,stress_test,50,826,826,0,52.14
repeated_backtracking,development_anomaly,50,819,819,0,51.98
repeated_backtracking,stress_test,50,811,811,0,51.66
circular_wandering,development_anomaly,50,818,818,0,51.71
circular_wandering,stress_test,50,810,810,0,52.03
abnormal_speed_pattern,development_anomaly,50,806,806,0,51.89
abnormal_speed_pattern,stress_test,50,801,801,0,51.92
gps_jump,development_anomaly,50,807,807,0,51.62
gps_jump,stress_test,50,824,824,0,52.07
gps_dropout,development_anomaly,50,637,416,221,44.59
gps_dropout,stress_test,50,665,453,212,45.37
poor_accuracy,development_anomaly,50,835,0,835,51.93
poor_accuracy,stress_test,50,811,0,811,52.13
severe_timestamp_gap,development_anomaly,50,657,514,143,44.31
severe_timestamp_gap,stress_test,50,620,479,141,44.73
