scenario,feature,n,mean,std,median,p10,p90
normal_walk,median_speed,1638,1.260541,0.196416,1.261461,0.994979,1.526347
normal_walk,speed_std,1638,0.386092,0.07022,0.379084,0.301191,0.477594
normal_walk,max_speed,1638,2.205242,0.368554,2.160338,1.745286,2.652375
normal_walk,path_length,1638,738.591958,109.412137,743.825734,586.724076,881.759138
normal_walk,direct_distance,1638,628.182968,111.24763,619.832452,489.613582,784.812748
normal_walk,tortuosity,1638,1.188701,0.142562,1.151311,1.070117,1.349558
normal_walk,longest_stop_seconds,1638,3.998683,8.663822,0.0,0.0,19.202539
normal_walk,stop_ratio,1638,0.007213,0.016185,0.0,0.0,0.032475
normal_walk,large_turn_count,1638,0.186203,0.495528,0.0,0.0,1.0
normal_walk,mean_accuracy,1638,5.25131,0.929932,5.12983,4.075797,6.63775
slow_walk,median_speed,1622,0.695227,0.117428,0.700039,0.541925,0.8468
slow_walk,speed_std,1622,0.321063,0.058298,0.317783,0.247083,0.399311
slow_walk,max_speed,1622,1.577739,0.316775,1.545286,1.189737,1.989481
slow_walk,path_length,1622,416.274356,66.465892,415.612948,327.082584,500.911128
slow_walk,direct_distance,1622,327.513762,69.11581,326.825427,237.685235,418.970007
slow_walk,tortuosity,1622,1.293172,0.161137,1.251782,1.125009,1.529016
slow_walk,longest_stop_seconds,1622,40.855111,18.641826,39.329202,21.857064,66.18123
slow_walk,stop_ratio,1622,0.23361,0.171663,0.194551,0.039901,0.478651
slow_walk,large_turn_count,1622,0.843403,1.487769,0.0,0.0,3.0
slow_walk,mean_accuracy,1622,5.28048,0.956252,5.276379,4.020747,6.54357
walk_with_short_stop,median_speed,1647,1.039594,0.197505,1.027377,0.793288,1.315154
walk_with_short_stop,speed_std,1647,0.40745,0.066067,0.407984,0.324392,0.493324
walk_with_short_stop,max_speed,1647,1.999341,0.362582,1.972926,1.580137,2.474148
walk_with_short_stop,path_length,1647,601.121876,106.06362,596.712302,463.802237,746.76953
walk_with_short_stop,direct_distance,1647,465.585943,106.832337,455.495055,333.212807,614.456691
walk_with_short_stop,tortuosity,1647,1.338288,0.442083,1.262536,1.126063,1.533308
walk_with_short_stop,longest_stop_seconds,1647,42.083114,26.027662,44.766094,0.0,72.729892
walk_with_short_stop,stop_ratio,1647,0.111834,0.084642,0.103648,0.0,0.228026
walk_with_short_stop,large_turn_count,1647,0.457802,0.884604,0.0,0.0,2.0
walk_with_short_stop,mean_accuracy,1647,5.36018,0.955502,5.355465,4.167558,6.762595
park_walk,median_speed,1652,1.016752,0.179318,1.016659,0.768935,1.250505
park_walk,speed_std,1652,0.385229,0.065287,0.383111,0.299611,0.46764
park_walk,max_speed,1652,1.943978,0.368954,1.943885,1.483413,2.419315
park_walk,path_length,1652,590.965816,99.630546,593.170829,450.512806,724.399369
park_walk,direct_distance,1652,479.930321,103.672554,477.252183,349.131302,624.876619
park_walk,tortuosity,1652,1.2569,0.206333,1.203845,1.098699,1.440557
park_walk,longest_stop_seconds,1652,15.489006,14.70382,16.795755,0.0,34.064254
park_walk,stop_ratio,1652,0.043582,0.053789,0.028945,0.0,0.118856
park_walk,large_turn_count,1652,0.446126,1.015678,0.0,0.0,2.0
park_walk,mean_accuracy,1652,5.136163,0.885141,5.049479,4.017558,6.425621
shopping_walk,median_speed,1635,0.652409,0.187569,0.636493,0.418134,0.901418
shopping_walk,speed_std,1635,0.396867,0.083207,0.399552,0.287946,0.505377
shopping_walk,max_speed,1635,1.692188,0.378073,1.683681,1.217284,2.147142
shopping_walk,path_length,1635,401.549911,93.135764,396.771702,282.839998,519.951798
shopping_walk,direct_distance,1635,189.260891,79.955842,183.277705,95.317968,295.147655
shopping_walk,tortuosity,1635,2.507043,1.453364,2.100273,1.516757,3.640335
shopping_walk,longest_stop_seconds,1635,130.537893,54.828197,129.880327,64.364277,190.832343
shopping_walk,stop_ratio,1635,0.501953,0.188373,0.515316,0.238977,0.726556
shopping_walk,large_turn_count,1635,1.211621,1.623749,1.0,0.0,3.0
shopping_walk,mean_accuracy,1635,5.199022,0.991627,5.107187,3.96444,6.537188
long_stop,median_speed,1644,0.793478,0.385637,0.736656,0.341351,1.346519
long_stop,speed_std,1644,0.436621,0.117156,0.436807,0.288853,0.591239
long_stop,max_speed,1644,1.95712,0.46734,1.972677,1.383091,2.57956
long_stop,path_length,1644,490.42104,196.476802,469.460003,246.493094,764.671914
long_stop,direct_distance,1644,335.223795,229.842828,321.640632,18.210989,648.510026
long_stop,tortuosity,1644,2.71696,2.758986,1.469855,1.120968,10.0
long_stop,longest_stop_seconds,1644,282.082656,207.50938,289.892002,0.0,576.535616
long_stop,stop_ratio,1644,0.485742,0.350892,0.509749,0.0,0.974062
long_stop,large_turn_count,1644,0.727494,1.261424,0.0,0.0,2.0
long_stop,mean_accuracy,1644,5.268959,0.928152,5.282438,3.978545,6.519416
repeated_backtracking,median_speed,1630,1.015414,0.203473,1.038362,0.737724,1.284409
repeated_backtracking,speed_std,1630,0.347694,0.075991,0.347863,0.247618,0.438772
repeated_backtracking,max_speed,1630,1.902915,0.399025,1.902412,1.416572,2.363618
repeated_backtracking,path_length,1630,597.127837,115.742564,613.69802,444.180961,750.746352
repeated_backtracking,direct_distance,1630,68.964941,51.381934,58.603668,12.277325,146.913803
repeated_backtracking,tortuosity,1630,8.009564,2.50227,10.0,3.996982,10.0
repeated_backtracking,longest_stop_seconds,1630,37.558566,17.648205,36.640803,19.019114,59.279481
repeated_backtracking,stop_ratio,1630,0.115449,0.076902,0.101731,0.03247,0.218935
repeated_backtracking,large_turn_count,1630,1.765031,1.386837,2.0,0.0,4.0
repeated_backtracking,mean_accuracy,1630,5.32818,0.983052,5.352012,3.984602,6.669759
circular_wandering,median_speed,1628,1.12822,0.06241,1.12775,1.047419,1.209175
circular_wandering,speed_std,1628,0.393312,0.067716,0.387804,0.309297,0.48431
circular_wandering,max_speed,1628,2.142489,0.32847,2.083585,1.772761,2.566215
circular_wandering,path_length,1628,669.93256,27.909063,670.173835,633.068638,706.397418
circular_wandering,direct_distance,1628,97.155171,44.851719,102.022356,32.823397,154.433755
circular_wandering,tortuosity,1628,7.098788,2.24208,6.632785,4.281502,10.0
circular_wandering,longest_stop_seconds,1628,1.856518,5.718499,0.0,0.0,0.0
circular_wandering,stop_ratio,1628,0.003408,0.010916,0.0,0.0,0.0
circular_wandering,large_turn_count,1628,0.591523,1.028274,0.0,0.0,2.0
circular_wandering,mean_accuracy,1628,5.390094,0.95888,5.305551,4.138849,6.705443
abnormal_speed_pattern,median_speed,1607,1.501743,0.93275,1.071906,0.68089,3.119822
abnormal_speed_pattern,speed_std,1607,1.963332,0.143179,1.959705,1.773033,2.152047
abnormal_speed_pattern,max_speed,1607,5.634487,0.416806,5.650765,5.041944,6.154451
abnormal_speed_pattern,path_length,1607,1324.299548,160.766753,1314.582504,1118.982674,1527.637605
abnormal_speed_pattern,direct_distance,1607,1005.739404,208.227733,1021.411305,736.228709,1251.651979
abnormal_speed_pattern,tortuosity,1607,1.395142,0.602155,1.254192,1.127205,1.730254
abnormal_speed_pattern,longest_stop_seconds,1607,64.930407,15.601604,63.261429,44.349132,88.109583
abnormal_speed_pattern,stop_ratio,1607,0.393736,0.074263,0.392139,0.299589,0.49197
abnormal_speed_pattern,large_turn_count,1607,0.765401,1.225775,0.0,0.0,2.0
abnormal_speed_pattern,mean_accuracy,1607,5.221386,0.895141,5.19884,4.051963,6.474889
gps_jump,median_speed,1631,1.263177,0.199282,1.267579,1.001157,1.514241
gps_jump,speed_std,1631,0.70603,0.468416,0.45407,0.319542,1.46279
gps_jump,max_speed,1631,4.51378,3.334337,2.556526,1.830325,9.855553
gps_jump,path_length,1631,783.146951,124.064024,785.892716,615.329491,943.959827
gps_jump,direct_distance,1631,624.926912,107.313818,624.27661,484.640166,768.608978
gps_jump,tortuosity,1631,1.266503,0.167484,1.239392,1.089183,1.486129
gps_jump,longest_stop_seconds,1631,4.528409,8.967142,0.0,0.0,19.099478
gps_jump,stop_ratio,1631,0.008538,0.018239,0.0,0.0,0.0352
gps_jump,large_turn_count,1631,0.744942,0.943497,0.0,0.0,2.0
gps_jump,mean_accuracy,1631,5.177224,0.973377,5.111094,3.980747,6.600583
gps_dropout,median_speed,869,1.267839,0.214653,1.247077,0.995566,1.569884
gps_dropout,speed_std,869,0.387394,0.073408,0.385474,0.290035,0.478042
gps_dropout,max_speed,869,2.209547,0.373422,2.194046,1.720079,2.774865
gps_dropout,path_length,869,740.731889,120.21086,730.18535,579.806729,906.210108
gps_dropout,direct_distance,869,621.060627,119.148582,622.655596,469.061808,780.902848
gps_dropout,tortuosity,869,1.210029,0.179909,1.163794,1.075519,1.38023
gps_dropout,longest_stop_seconds,869,3.439434,8.312872,0.0,0.0,17.491546
gps_dropout,stop_ratio,869,0.006296,0.016094,0.0,0.0,0.029655
gps_dropout,large_turn_count,869,0.143843,0.476151,0.0,0.0,0.0
gps_dropout,mean_accuracy,869,5.245706,0.987612,5.117121,3.942429,6.679508
severe_timestamp_gap,median_speed,993,1.259443,0.212294,1.233033,0.991569,1.554336
severe_timestamp_gap,speed_std,993,0.386743,0.070282,0.383531,0.293641,0.482319
severe_timestamp_gap,max_speed,993,2.165445,0.360739,2.121943,1.724146,2.591255
severe_timestamp_gap,path_length,993,734.074611,120.171641,717.899837,583.158678,902.965564
severe_timestamp_gap,direct_distance,993,620.825535,121.965462,602.205934,480.272994,786.050137
severe_timestamp_gap,tortuosity,993,1.200808,0.187642,1.153603,1.068968,1.374455
severe_timestamp_gap,longest_stop_seconds,993,5.029396,9.915435,0.0,0.0,19.80893
severe_timestamp_gap,stop_ratio,993,0.008859,0.017762,0.0,0.0,0.036089
severe_timestamp_gap,large_turn_count,993,0.200403,0.532073,0.0,0.0,1.0
severe_timestamp_gap,mean_accuracy,993,5.295538,0.974085,5.288573,4.007723,6.650837
