seed,split,scenario,trajectory_count,window_count,quality_valid_count,quality_unknown_rate,if_attention_rate,rule_attention_rate,threshold,if_any_window_trip_detection_rate,if_window_attention_rate,if_post_event_window_attention_rate
42,validation_normal,all_normal,100,1632,1632,0.0,0.04963235294117647,0.08700980392156862,0.039828209747568066,,,
42,test_normal,all_normal,100,1641,1641,0.0,0.04631322364411944,0.09628275441803778,0.039828209747568066,,,
42,stress_test,long_stop,50,826,826,0.0,1.0,0.5,0.039828209747568066,1.0,0.5605326876513317,0.8638392857142857
42,stress_test,repeated_backtracking,50,811,811,0.0,1.0,0.9297163995067818,0.039828209747568066,1.0,0.8397040690505548,0.8397040690505548
42,stress_test,circular_wandering,50,810,810,0.0,0.9,0.9777777777777777,0.039828209747568066,0.9,0.8049382716049382,0.8049382716049382
42,stress_test,abnormal_speed_pattern,50,801,801,0.0,1.0,0.10112359550561797,0.039828209747568066,1.0,1.0,1.0
42,stress_test,gps_dropout,50,665,453,0.31879699248120297,0.07947019867549669,0.0,0.039828209747568066,,,
42,stress_test,poor_accuracy,50,811,0,1.0,,,0.039828209747568066,,,
42,stress_test,severe_timestamp_gap,50,620,479,0.22741935483870968,0.06680584551148225,0.010438413361169102,0.039828209747568066,,,
42,stress_test,gps_jump,50,824,824,0.0,0.35558252427184467,0.014563106796116505,0.039828209747568066,,,
43,validation_normal,all_normal,100,1632,1632,0.0,0.04963235294117647,0.08700980392156862,0.0477489626597718,,,
43,test_normal,all_normal,100,1641,1641,0.0,0.039609993906154786,0.09628275441803778,0.0477489626597718,,,
43,stress_test,long_stop,50,826,826,0.0,1.0,0.5,0.0477489626597718,1.0,0.5363196125907991,0.8616071428571429
43,stress_test,repeated_backtracking,50,811,811,0.0,1.0,0.9297163995067818,0.0477489626597718,1.0,0.8384710234278668,0.8384710234278668
43,stress_test,circular_wandering,50,810,810,0.0,0.9,0.9777777777777777,0.0477489626597718,0.9,0.7975308641975308,0.7975308641975308
43,stress_test,abnormal_speed_pattern,50,801,801,0.0,1.0,0.10112359550561797,0.0477489626597718,1.0,1.0,1.0
43,stress_test,gps_dropout,50,665,453,0.31879699248120297,0.05739514348785872,0.0,0.0477489626597718,,,
43,stress_test,poor_accuracy,50,811,0,1.0,,,0.0477489626597718,,,
43,stress_test,severe_timestamp_gap,50,620,479,0.22741935483870968,0.018789144050104383,0.010438413361169102,0.0477489626597718,,,
43,stress_test,gps_jump,50,824,824,0.0,0.3762135922330097,0.014563106796116505,0.0477489626597718,,,
44,validation_normal,all_normal,100,1632,1632,0.0,0.04963235294117647,0.08700980392156862,0.04592653983519113,,,
44,test_normal,all_normal,100,1641,1641,0.0,0.051188299817184646,0.09628275441803778,0.04592653983519113,,,
44,stress_test,long_stop,50,826,826,0.0,1.0,0.5,0.04592653983519113,1.0,0.5266343825665859,0.8549107142857143
44,stress_test,repeated_backtracking,50,811,811,0.0,1.0,0.9297163995067818,0.04592653983519113,1.0,0.8323057953144266,0.8323057953144266
44,stress_test,circular_wandering,50,810,810,0.0,0.82,0.9777777777777777,0.04592653983519113,0.82,0.6765432098765433,0.6765432098765433
44,stress_test,abnormal_speed_pattern,50,801,801,0.0,1.0,0.10112359550561797,0.04592653983519113,1.0,1.0,1.0
44,stress_test,gps_dropout,50,665,453,0.31879699248120297,0.08167770419426049,0.0,0.04592653983519113,,,
44,stress_test,poor_accuracy,50,811,0,1.0,,,0.04592653983519113,,,
44,stress_test,severe_timestamp_gap,50,620,479,0.22741935483870968,0.05636743215031315,0.010438413361169102,0.04592653983519113,,,
44,stress_test,gps_jump,50,824,824,0.0,0.3155339805825243,0.014563106796116505,0.04592653983519113,,,
45,validation_normal,all_normal,100,1632,1632,0.0,0.04963235294117647,0.08700980392156862,0.0405947021818287,,,
45,test_normal,all_normal,100,1641,1641,0.0,0.049969530773918344,0.09628275441803778,0.0405947021818287,,,
45,stress_test,long_stop,50,826,826,0.0,1.0,0.5,0.0405947021818287,1.0,0.5750605326876513,0.8928571428571429
45,stress_test,repeated_backtracking,50,811,811,0.0,1.0,0.9297163995067818,0.0405947021818287,1.0,0.8384710234278668,0.8384710234278668
45,stress_test,circular_wandering,50,810,810,0.0,0.8,0.9777777777777777,0.0405947021818287,0.8,0.6506172839506172,0.6506172839506172
45,stress_test,abnormal_speed_pattern,50,801,801,0.0,1.0,0.10112359550561797,0.0405947021818287,1.0,1.0,1.0
45,stress_test,gps_dropout,50,665,453,0.31879699248120297,0.0772626931567329,0.0,0.0405947021818287,,,
45,stress_test,poor_accuracy,50,811,0,1.0,,,0.0405947021818287,,,
45,stress_test,severe_timestamp_gap,50,620,479,0.22741935483870968,0.05219206680584551,0.010438413361169102,0.0405947021818287,,,
45,stress_test,gps_jump,50,824,824,0.0,0.3859223300970874,0.014563106796116505,0.0405947021818287,,,
46,validation_normal,all_normal,100,1632,1632,0.0,0.04963235294117647,0.08700980392156862,0.0457537967916537,,,
46,test_normal,all_normal,100,1641,1641,0.0,0.0517976843388178,0.09628275441803778,0.0457537967916537,,,
46,stress_test,long_stop,50,826,826,0.0,1.0,0.5,0.0457537967916537,1.0,0.5181598062953995,0.8415178571428571
46,stress_test,repeated_backtracking,50,811,811,0.0,1.0,0.9297163995067818,0.0457537967916537,1.0,0.7965474722564735,0.7965474722564735
46,stress_test,circular_wandering,50,810,810,0.0,0.78,0.9777777777777777,0.0457537967916537,0.78,0.6370370370370371,0.6370370370370371
46,stress_test,abnormal_speed_pattern,50,801,801,0.0,1.0,0.10112359550561797,0.0457537967916537,1.0,1.0,1.0
46,stress_test,gps_dropout,50,665,453,0.31879699248120297,0.04194260485651214,0.0,0.0457537967916537,,,
46,stress_test,poor_accuracy,50,811,0,1.0,,,0.0457537967916537,,,
46,stress_test,severe_timestamp_gap,50,620,479,0.22741935483870968,0.029227557411273485,0.010438413361169102,0.0457537967916537,,,
46,stress_test,gps_jump,50,824,824,0.0,0.3288834951456311,0.014563106796116505,0.0457537967916537,,,
